Begin Date, End Date, Hits, Pages
20160101,20160107,0,0
20160108,20160114,1,1
20160115,20160121,1,1
20160122,20160128,0,0
20160129,20160131,0,0
20160201,20160207,1,1
20160208,20160214,2,1
20160215,20160221,0,0
20160222,20160228,0,0
20160229,20160229,0,0
20160301,20160307,0,0
20150101,20150107,2,1
20150108,20150114,2,1
20150115,20150121,1,1
20150122,20150128,5,1
20150129,20150131,2,1
20150201,20150207,6,1
20150208,20150214,2,1
20150215,20150221,3,1
20150222,20150228,4,1
20150229,20150229,0,0
20150301,20150307,2,1
20150308,20150314,1,1
20150315,20150321,1,1
20150322,20150328,1,1
20150329,20150331,2,1
20150401,20150407,1,1
20150408,20150414,4,1
20150415,20150421,2,1
20150422,20150428,2,1
20150429,20150430,0,0
20150501,20150507,5,1
20150508,20150514,2,1
20150515,20150521,4,1
20150522,20150528,3,1
20150529,20150531,2,1
20150601,20150607,1,1
20150608,20150614,1,1
20150615,20150621,2,1
20150622,20150628,1,1
20150629,20150630,2,1
20150701,20150707,1,1
20150708,20150714,3,1
20150715,20150721,1,1
20150722,20150728,3,1
20150729,20150731,0,0
20150801,20150807,1,1
20150808,20150814,3,1
20150815,20150821,2,1
20150822,20150828,1,1
20150829,20150831,0,0
20150901,20150907,1,1
20150908,20150914,3,1
20150915,20150921,2,1
20150922,20150928,2,1
20150929,20150930,1,1
20151001,20151007,1,1
20151008,20151014,2,1
20151015,20151021,0,0
20151022,20151028,2,1
20151029,20151031,0,0
20151101,20151107,0,0
20151108,20151114,2,1
20151115,20151121,0,0
20151122,20151128,1,1
20151129,20151130,1,1
20151201,20151207,0,0
20151208,20151214,3,1
20151215,20151221,0,0
20151222,20151228,0,0
20151229,20151231,1,1
20140101,20140107,2,1
20140108,20140114,3,1
20140115,20140121,6,1
20140122,20140128,3,1
20140129,20140131,0,0
20140201,20140207,4,1
20140208,20140214,0,0
20140215,20140221,0,0
20140222,20140228,5,1
20140229,20140229,0,0
20140301,20140307,3,1
20140308,20140314,1,1
20140315,20140321,1,1
20140322,20140328,2,1
20140329,20140331,1,1
20140401,20140407,1,1
20140408,20140414,1,1
20140415,20140421,3,1
20140422,20140428,3,1
20140429,20140430,0,0
20140501,20140507,3,1
20140508,20140514,0,0
20140515,20140521,4,1
20140522,20140528,2,1
20140529,20140531,0,0
20140601,20140607,3,1
20140608,20140614,0,0
20140615,20140621,3,1
20140622,20140628,4,1
20140629,20140630,2,1
20140701,20140707,1,1
20140708,20140714,1,1
20140715,20140721,2,1
20140722,20140728,1,1
20140729,20140731,3,1
20140801,20140807,4,1
20140808,20140814,1,1
20140815,20140821,1,1
20140822,20140828,1,1
20140829,20140831,0,0
20140901,20140907,3,1
20140908,20140914,3,1
20140915,20140921,1,1
20140922,20140928,0,0
20140929,20140930,2,1
20141001,20141007,2,1
20141008,20141014,4,1
20141015,20141021,0,0
20141022,20141028,0,0
20141029,20141031,1,1
20141101,20141107,4,1
20141108,20141114,1,1
20141115,20141121,2,1
20141122,20141128,1,1
20141129,20141130,1,1
20141201,20141207,3,1
20141208,20141214,1,1
20141215,20141221,1,1
20141222,20141228,2,1
20141229,20141231,0,0
20130101,20130107,2,1
20130108,20130114,0,0
20130115,20130121,0,0
20130122,20130128,3,1
20130129,20130131,1,1
20130201,20130207,3,1
20130208,20130214,2,1
20130215,20130221,1,1
20130222,20130228,5,1
20130229,20130229,1,1
20130301,20130307,2,1
20130308,20130314,1,1
20130315,20130321,1,1
20130322,20130328,2,1
20130329,20130331,0,0
20130401,20130407,1,1
20130408,20130414,0,0
20130415,20130421,0,0
20130422,20130428,1,1
20130429,20130430,0,0
20130501,20130507,0,0
20130508,20130514,1,1
20130515,20130521,0,0
20130522,20130528,1,1
20130529,20130531,3,1
20130601,20130607,1,1
20130608,20130614,0,0
20130615,20130621,1,1
20130622,20130628,3,1
20130629,20130630,1,1
20130701,20130707,1,1
20130708,20130714,2,1
20130715,20130721,1,1
20130722,20130728,4,1
20130729,20130731,1,1
20130801,20130807,1,1
20130808,20130814,2,1
20130815,20130821,1,1
20130822,20130828,1,1
20130829,20130831,0,0
20130901,20130907,1,1
20130908,20130914,0,0
20130915,20130921,1,1
20130922,20130928,0,0
20130929,20130930,1,1
20131001,20131007,1,1
20131008,20131014,3,1
20131015,20131021,0,0
20131022,20131028,3,1
20131029,20131031,2,1
20131101,20131107,2,1
20131108,20131114,2,1
20131115,20131121,5,1
20131122,20131128,1,1
20131129,20131130,1,1
20131201,20131207,2,1
20131208,20131214,2,1
20131215,20131221,3,1
20131222,20131228,0,0
20131229,20131231,0,0
20120101,20120107,0,0
20120108,20120114,2,1
20120115,20120121,5,1
20120122,20120128,4,1
20120129,20120131,6,1
20120201,20120207,1,1
20120208,20120214,0,0
20120215,20120221,2,1
20120222,20120228,3,1
20120229,20120229,0,0
20120301,20120307,0,0
20120308,20120314,1,1
20120315,20120321,1,1
20120322,20120328,1,1
20120329,20120331,0,0
20120401,20120407,1,1
20120408,20120414,0,0
20120415,20120421,1,1
20120422,20120428,0,0
20120429,20120430,2,1
20120501,20120507,3,1
20120508,20120514,0,0
20120515,20120521,7,1
20120522,20120528,2,1
20120529,20120531,0,0
20120601,20120607,4,1
20120608,20120614,3,1
20120615,20120621,0,0
20120622,20120628,4,1
20120629,20120630,0,0
20120701,20120707,0,0
20120708,20120714,0,0
20120715,20120721,0,0
20120722,20120728,1,1
20120729,20120731,0,0
20120801,20120807,1,1
20120808,20120814,0,0
20120815,20120821,3,1
20120822,20120828,0,0
20120829,20120831,0,0
20120901,20120907,3,1
20120908,20120914,1,1
20120915,20120921,0,0
20120922,20120928,0,0
20120929,20120930,0,0
20121001,20121007,0,0
20121008,20121014,1,1
20121015,20121021,2,1
20121022,20121028,1,1
20121029,20121031,0,0
20121101,20121107,1,1
20121108,20121114,1,1
20121115,20121121,0,0
20121122,20121128,2,1
20121129,20121130,0,0
20121201,20121207,3,1
20121208,20121214,1,1
20121215,20121221,3,1
20121222,20121228,0,0
20121229,20121231,0,0
20110101,20110107,5,1
20110108,20110114,3,1
20110115,20110121,4,1
20110122,20110128,0,0
20110129,20110131,0,0
20110201,20110207,0,0
20110208,20110214,1,1
20110215,20110221,0,0
20110222,20110228,0,0
20110229,20110229,0,0
20110301,20110307,2,1
20110308,20110314,1,1
20110315,20110321,1,1
20110322,20110328,0,0
20110329,20110331,0,0
20110401,20110407,1,1
20110408,20110414,1,1
20110415,20110421,3,1
20110422,20110428,1,1
20110429,20110430,1,1
20110501,20110507,1,1
20110508,20110514,3,1
20110515,20110521,0,0
20110522,20110528,1,1
20110529,20110531,2,1
20110601,20110607,2,1
20110608,20110614,1,1
20110615,20110621,1,1
20110622,20110628,1,1
20110629,20110630,0,0
20110701,20110707,3,1
20110708,20110714,0,0
20110715,20110721,3,1
20110722,20110728,1,1
20110729,20110731,1,1
20110801,20110807,1,1
20110808,20110814,2,1
20110815,20110821,4,1
20110822,20110828,0,0
20110829,20110831,0,0
20110901,20110907,1,1
20110908,20110914,0,0
20110915,20110921,1,1
20110922,20110928,4,1
20110929,20110930,0,0
20111001,20111007,2,1
20111008,20111014,0,0
20111015,20111021,0,0
20111022,20111028,0,0
20111029,20111031,1,1
20111101,20111107,3,1
20111108,20111114,3,1
20111115,20111121,1,1
20111122,20111128,1,1
20111129,20111130,0,0
20111201,20111207,1,1
20111208,20111214,7,1
20111215,20111221,3,1
20111222,20111228,0,0
20111229,20111231,1,1
20100101,20100107,0,0
20100108,20100114,2,1
20100115,20100121,2,1
20100122,20100128,4,1
20100129,20100131,0,0
20100201,20100207,1,1
20100208,20100214,2,1
20100215,20100221,0,0
20100222,20100228,3,1
20100229,20100229,0,0
20100301,20100307,1,1
20100308,20100314,0,0
20100315,20100321,0,0
20100322,20100328,0,0
20100329,20100331,2,1
20100401,20100407,0,0
20100408,20100414,0,0
20100415,20100421,1,1
20100422,20100428,1,1
20100429,20100430,1,1
20100501,20100507,2,1
20100508,20100514,0,0
20100515,20100521,2,1
20100522,20100528,1,1
20100529,20100531,2,1
20100601,20100607,1,1
20100608,20100614,2,1
20100615,20100621,0,0
20100622,20100628,2,1
20100629,20100630,1,1
20100701,20100707,0,0
20100708,20100714,1,1
20100715,20100721,2,1
20100722,20100728,1,1
20100729,20100731,0,0
20100801,20100807,1,1
20100808,20100814,1,1
20100815,20100821,0,0
20100822,20100828,1,1
20100829,20100831,1,1
20100901,20100907,0,0
20100908,20100914,1,1
20100915,20100921,0,0
20100922,20100928,1,1
20100929,20100930,0,0
20101001,20101007,2,1
20101008,20101014,1,1
20101015,20101021,2,1
20101022,20101028,0,0
20101029,20101031,0,0
20101101,20101107,0,0
20101108,20101114,3,1
20101115,20101121,1,1
20101122,20101128,1,1
20101129,20101130,1,1
20101201,20101207,0,0
20101208,20101214,0,0
20101215,20101221,0,0
20101222,20101228,0,0
20101229,20101231,2,1
20090101,20090107,1,1
20090108,20090114,3,1
20090115,20090121,1,1
20090122,20090128,1,1
20090129,20090131,0,0
20090201,20090207,2,1
20090208,20090214,0,0
20090215,20090221,1,1
20090222,20090228,1,1
20090229,20090229,0,0
20090301,20090307,3,1
20090308,20090314,2,1
20090315,20090321,0,0
20090322,20090328,4,1
20090329,20090331,2,1
20090401,20090407,0,0
20090408,20090414,0,0
20090415,20090421,0,0
20090422,20090428,4,1
20090429,20090430,0,0
20090501,20090507,0,0
20090508,20090514,5,1
20090515,20090521,1,1
20090522,20090528,1,1
20090529,20090531,1,1
20090601,20090607,1,1
20090608,20090614,3,1
20090615,20090621,1,1
20090622,20090628,1,1
20090629,20090630,0,0
20090701,20090707,1,1
20090708,20090714,0,0
20090715,20090721,2,1
20090722,20090728,1,1
20090729,20090731,0,0
20090801,20090807,1,1
20090808,20090814,0,0
20090815,20090821,1,1
20090822,20090828,1,1
20090829,20090831,2,1
20090901,20090907,2,1
20090908,20090914,2,1
20090915,20090921,7,1
20090922,20090928,2,1
20090929,20090930,1,1
20091001,20091007,0,0
20091008,20091014,1,1
20091015,20091021,2,1
20091022,20091028,2,1
20091029,20091031,1,1
20091101,20091107,2,1
20091108,20091114,4,1
20091115,20091121,2,1
20091122,20091128,1,1
20091129,20091130,0,0
20091201,20091207,0,0
20091208,20091214,0,0
20091215,20091221,2,1
20091222,20091228,2,1
20091229,20091231,2,1
20080101,20080107,0,0
20080108,20080114,1,1
20080115,20080121,0,0
20080122,20080128,4,1
20080129,20080131,0,0
20080201,20080207,1,1
20080208,20080214,0,0
20080215,20080221,5,1
20080222,20080228,2,1
20080229,20080229,0,0
20080301,20080307,1,1
20080308,20080314,0,0
20080315,20080321,1,1
20080322,20080328,3,1
20080329,20080331,0,0
20080401,20080407,2,1
20080408,20080414,0,0
20080415,20080421,0,0
20080422,20080428,4,1
20080429,20080430,0,0
20080501,20080507,1,1
20080508,20080514,4,1
20080515,20080521,1,1
20080522,20080528,2,1
20080529,20080531,1,1
20080601,20080607,3,1
20080608,20080614,3,1
20080615,20080621,0,0
20080622,20080628,2,1
20080629,20080630,0,0
20080701,20080707,2,1
20080708,20080714,1,1
20080715,20080721,0,0
20080722,20080728,2,1
20080729,20080731,3,1
20080801,20080807,4,1
20080808,20080814,2,1
20080815,20080821,1,1
20080822,20080828,1,1
20080829,20080831,1,1
20080901,20080907,0,0
20080908,20080914,1,1
20080915,20080921,1,1
20080922,20080928,1,1
20080929,20080930,0,0
20081001,20081007,2,1
20081008,20081014,0,0
20081015,20081021,2,1
20081022,20081028,0,0
20081029,20081031,0,0
20081101,20081107,0,0
20081108,20081114,3,1
20081115,20081121,4,1
20081122,20081128,1,1
20081129,20081130,0,0
20081201,20081207,2,1
20081208,20081214,0,0
20081215,20081221,2,1
20081222,20081228,2,1
20081229,20081231,1,1
20070101,20070107,5,1
20070108,20070114,3,1
20070115,20070121,2,1
20070122,20070128,3,1
20070129,20070131,2,1
20070201,20070207,0,0
20070208,20070214,5,1
20070215,20070221,0,0
20070222,20070228,2,1
20070229,20070229,0,0
20070301,20070307,2,1
20070308,20070314,3,1
20070315,20070321,3,1
20070322,20070328,0,0
20070329,20070331,0,0
20070401,20070407,2,1
20070408,20070414,1,1
20070415,20070421,8,1
20070422,20070428,2,1
20070429,20070430,0,0
20070501,20070507,2,1
20070508,20070514,2,1
20070515,20070521,0,0
20070522,20070528,1,1
20070529,20070531,2,1
20070601,20070607,0,0
20070608,20070614,3,1
20070615,20070621,6,1
20070622,20070628,0,0
20070629,20070630,2,1
20070701,20070707,0,0
20070708,20070714,2,1
20070715,20070721,1,1
20070722,20070728,0,0
20070729,20070731,1,1
20070801,20070807,1,1
20070808,20070814,1,1
20070815,20070821,3,1
20070822,20070828,1,1
20070829,20070831,1,1
20070901,20070907,1,1
20070908,20070914,0,0
20070915,20070921,2,1
20070922,20070928,2,1
20070929,20070930,0,0
20071001,20071007,1,1
20071008,20071014,1,1
20071015,20071021,3,1
20071022,20071028,2,1
20071029,20071031,0,0
20071101,20071107,1,1
20071108,20071114,3,1
20071115,20071121,1,1
20071122,20071128,2,1
20071129,20071130,2,1
20071201,20071207,1,1
20071208,20071214,1,1
20071215,20071221,0,0
20071222,20071228,2,1
20071229,20071231,0,0
20060101,20060107,1,1
20060108,20060114,0,0
20060115,20060121,1,1
20060122,20060128,1,1
20060129,20060131,2,1
20060201,20060207,1,1
20060208,20060214,1,1
20060215,20060221,1,1
20060222,20060228,0,0
20060229,20060229,0,0
20060301,20060307,0,0
20060308,20060314,0,0
20060315,20060321,2,1
20060322,20060328,0,0
20060329,20060331,1,1
20060401,20060407,0,0
20060408,20060414,1,1
20060415,20060421,4,1
20060422,20060428,3,1
20060429,20060430,1,1
20060501,20060507,1,1
20060508,20060514,3,1
20060515,20060521,0,0
20060522,20060528,0,0
20060529,20060531,1,1
20060601,20060607,1,1
20060608,20060614,2,1
20060615,20060621,2,1
20060622,20060628,1,1
20060629,20060630,0,0
20060701,20060707,1,1
20060708,20060714,0,0
20060715,20060721,1,1
20060722,20060728,0,0
20060729,20060731,3,1
20060801,20060807,3,1
20060808,20060814,3,1
20060815,20060821,9,1
20060822,20060828,1,1
20060829,20060831,0,0
20060901,20060907,0,0
20060908,20060914,0,0
20060915,20060921,0,0
20060922,20060928,1,1
20060929,20060930,1,1
20061001,20061007,1,1
20061008,20061014,1,1
20061015,20061021,0,0
20061022,20061028,1,1
20061029,20061031,1,1
20061101,20061107,3,1
20061108,20061114,4,1
20061115,20061121,0,0
20061122,20061128,0,0
20061129,20061130,1,1
20061201,20061207,1,1
20061208,20061214,2,1
20061215,20061221,0,0
20061222,20061228,0,0
20061229,20061231,0,0
20050101,20050107,3,1
20050108,20050114,1,1
20050115,20050121,0,0
20050122,20050128,1,1
20050129,20050131,0,0
20050201,20050207,4,1
20050208,20050214,0,0
20050215,20050221,1,1
20050222,20050228,1,1
20050229,20050229,0,0
20050301,20050307,0,0
20050308,20050314,2,1
20050315,20050321,2,1
20050322,20050328,1,1
20050329,20050331,3,1
20050401,20050407,2,1
20050408,20050414,0,0
20050415,20050421,3,1
20050422,20050428,1,1
20050429,20050430,0,0
20050501,20050507,1,1
20050508,20050514,1,1
20050515,20050521,4,1
20050522,20050528,1,1
20050529,20050531,1,1
20050601,20050607,2,1
20050608,20050614,2,1
20050615,20050621,5,1
20050622,20050628,1,1
20050629,20050630,0,0
20050701,20050707,1,1
20050708,20050714,1,1
20050715,20050721,0,0
20050722,20050728,1,1
20050729,20050731,0,0
20050801,20050807,0,0
20050808,20050814,0,0
20050815,20050821,0,0
20050822,20050828,2,1
20050829,20050831,0,0
20050901,20050907,0,0
20050908,20050914,1,1
20050915,20050921,1,1
20050922,20050928,1,1
20050929,20050930,0,0
20051001,20051007,1,1
20051008,20051014,0,0
20051015,20051021,0,0
20051022,20051028,2,1
20051029,20051031,0,0
20051101,20051107,1,1
20051108,20051114,0,0
20051115,20051121,1,1
20051122,20051128,1,1
20051129,20051130,0,0
20051201,20051207,0,0
20051208,20051214,2,1
20051215,20051221,0,0
20051222,20051228,1,1
20051229,20051231,0,0
20040101,20040107,2,1
20040108,20040114,3,1
20040115,20040121,0,0
20040122,20040128,2,1
20040129,20040131,0,0
20040201,20040207,2,1
20040208,20040214,3,1
20040215,20040221,0,0
20040222,20040228,1,1
20040229,20040229,1,1
20040301,20040307,0,0
20040308,20040314,1,1
20040315,20040321,0,0
20040322,20040328,1,1
20040329,20040331,0,0
20040401,20040407,1,1
20040408,20040414,2,1
20040415,20040421,1,1
20040422,20040428,1,1
20040429,20040430,0,0
20040501,20040507,1,1
20040508,20040514,2,1
20040515,20040521,2,1
20040522,20040528,0,0
20040529,20040531,0,0
20040601,20040607,1,1
20040608,20040614,0,0
20040615,20040621,0,0
20040622,20040628,1,1
20040629,20040630,0,0
20040701,20040707,0,0
20040708,20040714,2,1
20040715,20040721,1,1
20040722,20040728,0,0
20040729,20040731,1,1
20040801,20040807,2,1
20040808,20040814,0,0
20040815,20040821,1,1
20040822,20040828,1,1
20040829,20040831,0,0
20040901,20040907,3,1
20040908,20040914,3,1
20040915,20040921,0,0
20040922,20040928,0,0
20040929,20040930,0,0
20041001,20041007,0,0
20041008,20041014,1,1
20041015,20041021,0,0
20041022,20041028,0,0
20041029,20041031,2,1
20041101,20041107,1,1
20041108,20041114,2,1
20041115,20041121,1,1
20041122,20041128,1,1
20041129,20041130,0,0
20041201,20041207,1,1
20041208,20041214,0,0
20041215,20041221,1,1
20041222,20041228,1,1
20041229,20041231,0,0
20030101,20030107,1,1
20030108,20030114,0,0
20030115,20030121,0,0
20030122,20030128,2,1
20030129,20030131,1,1
20030201,20030207,1,1
20030208,20030214,1,1
20030215,20030221,1,1
20030222,20030228,0,0
20030229,20030229,2,1
20030301,20030307,5,1
20030308,20030314,0,0
20030315,20030321,1,1
20030322,20030328,0,0
20030329,20030331,0,0
20030401,20030407,2,1
20030408,20030414,0,0
20030415,20030421,1,1
20030422,20030428,0,0
20030429,20030430,0,0
20030501,20030507,1,1
20030508,20030514,1,1
20030515,20030521,2,1
20030522,20030528,0,0
20030529,20030531,0,0
20030601,20030607,0,0
20030608,20030614,1,1
20030615,20030621,2,1
20030622,20030628,1,1
20030629,20030630,0,0
20030701,20030707,0,0
20030708,20030714,0,0
20030715,20030721,0,0
20030722,20030728,1,1
20030729,20030731,0,0
20030801,20030807,2,1
20030808,20030814,3,1
20030815,20030821,1,1
20030822,20030828,0,0
20030829,20030831,0,0
20030901,20030907,0,0
20030908,20030914,1,1
20030915,20030921,0,0
20030922,20030928,0,0
20030929,20030930,1,1
20031001,20031007,1,1
20031008,20031014,1,1
20031015,20031021,1,1
20031022,20031028,2,1
20031029,20031031,0,0
20031101,20031107,1,1
20031108,20031114,0,0
20031115,20031121,1,1
20031122,20031128,0,0
20031129,20031130,0,0
20031201,20031207,0,0
20031208,20031214,2,1
20031215,20031221,0,0
20031222,20031228,0,0
20031229,20031231,3,1
20020101,20020107,0,0
20020108,20020114,2,1
20020115,20020121,0,0
20020122,20020128,0,0
20020129,20020131,1,1
20020201,20020207,0,0
20020208,20020214,0,0
20020215,20020221,3,1
20020222,20020228,1,1
20020229,20020229,0,0
20020301,20020307,2,1
20020308,20020314,2,1
20020315,20020321,0,0
20020322,20020328,1,1
20020329,20020331,0,0
20020401,20020407,1,1
20020408,20020414,2,1
20020415,20020421,0,0
20020422,20020428,2,1
20020429,20020430,1,1
20020501,20020507,1,1
20020508,20020514,0,0
20020515,20020521,0,0
20020522,20020528,0,0
20020529,20020531,0,0
20020601,20020607,1,1
20020608,20020614,2,1
20020615,20020621,0,0
20020622,20020628,2,1
20020629,20020630,0,0
20020701,20020707,3,1
20020708,20020714,0,0
20020715,20020721,1,1
20020722,20020728,0,0
20020729,20020731,0,0
20020801,20020807,0,0
20020808,20020814,1,1
20020815,20020821,2,1
20020822,20020828,1,1
20020829,20020831,0,0
20020901,20020907,1,1
20020908,20020914,2,1
20020915,20020921,0,0
20020922,20020928,1,1
20020929,20020930,0,0
20021001,20021007,4,1
20021008,20021014,1,1
20021015,20021021,2,1
20021022,20021028,6,1
20021029,20021031,0,0
20021101,20021107,3,1
20021108,20021114,1,1
20021115,20021121,2,1
20021122,20021128,1,1
20021129,20021130,0,0
20021201,20021207,4,1
20021208,20021214,0,0
20021215,20021221,4,1
20021222,20021228,0,0
20021229,20021231,1,1
20010101,20010107,0,0
20010108,20010114,0,0
20010115,20010121,1,1
20010122,20010128,2,1
20010129,20010131,1,1
20010201,20010207,1,1
20010208,20010214,0,0
20010215,20010221,2,1
20010222,20010228,0,0
20010229,20010229,0,0
20010301,20010307,1,1
20010308,20010314,0,0
20010315,20010321,0,0
20010322,20010328,1,1
20010329,20010331,0,0
20010401,20010407,1,1
20010408,20010414,0,0
20010415,20010421,1,1
20010422,20010428,0,0
20010429,20010430,0,0
20010501,20010507,2,1
20010508,20010514,2,1
20010515,20010521,0,0
20010522,20010528,3,1
20010529,20010531,0,0
20010601,20010607,3,1
20010608,20010614,1,1
20010615,20010621,1,1
20010622,20010628,2,1
20010629,20010630,0,0
20010701,20010707,0,0
20010708,20010714,1,1
20010715,20010721,0,0
20010722,20010728,3,1
20010729,20010731,0,0
20010801,20010807,0,0
20010808,20010814,1,1
20010815,20010821,0,0
20010822,20010828,0,0
20010829,20010831,0,0
20010901,20010907,0,0
20010908,20010914,1,1
20010915,20010921,0,0
20010922,20010928,0,0
20010929,20010930,0,0
20011001,20011007,1,1
20011008,20011014,2,1
20011015,20011021,0,0
20011022,20011028,0,0
20011029,20011031,1,1
20011101,20011107,0,0
20011108,20011114,1,1
20011115,20011121,0,0
20011122,20011128,1,1
20011129,20011130,0,0
20011201,20011207,1,1
20011208,20011214,2,1
20011215,20011221,3,1
20011222,20011228,0,0
20011229,20011231,0,0
20000101,20000107,1,1
20000108,20000114,0,0
20000115,20000121,0,0
20000122,20000128,2,1
20000129,20000131,0,0
20000201,20000207,2,1
20000208,20000214,0,0
20000215,20000221,1,1
20000222,20000228,2,1
20000229,20000229,0,0
20000301,20000307,1,1
20000308,20000314,0,0
20000315,20000321,0,0
20000322,20000328,4,1
20000329,20000331,0,0
20000401,20000407,0,0
20000408,20000414,2,1
20000415,20000421,0,0
20000422,20000428,1,1
20000429,20000430,0,0
20000501,20000507,2,1
20000508,20000514,1,1
20000515,20000521,0,0
20000522,20000528,0,0
20000529,20000531,1,1
20000601,20000607,4,1
20000608,20000614,2,1
20000615,20000621,1,1
20000622,20000628,2,1
20000629,20000630,0,0
20000701,20000707,0,0
20000708,20000714,0,0
20000715,20000721,2,1
20000722,20000728,1,1
20000729,20000731,1,1
20000801,20000807,0,0
20000808,20000814,0,0
20000815,20000821,1,1
20000822,20000828,2,1
20000829,20000831,0,0
20000901,20000907,3,1
20000908,20000914,1,1
20000915,20000921,2,1
20000922,20000928,0,0
20000929,20000930,0,0
20001001,20001007,0,0
20001008,20001014,0,0
20001015,20001021,0,0
20001022,20001028,0,0
20001029,20001031,1,1
20001101,20001107,1,1
20001108,20001114,2,1
20001115,20001121,1,1
20001122,20001128,1,1
20001129,20001130,0,0
20001201,20001207,1,1
20001208,20001214,1,1
20001215,20001221,0,0
20001222,20001228,0,0
20001229,20001231,0,0
19990101,19990107,1,1
19990108,19990114,3,1
19990115,19990121,0,0
19990122,19990128,2,1
19990129,19990131,0,0
19990201,19990207,0,0
19990208,19990214,2,1
19990215,19990221,2,1
19990222,19990228,0,0
19990229,19990229,0,0
19990301,19990307,1,1
19990308,19990314,0,0
19990315,19990321,4,1
19990322,19990328,2,1
19990329,19990331,0,0
19990401,19990407,0,0
19990408,19990414,1,1
19990415,19990421,0,0
19990422,19990428,3,1
19990429,19990430,0,0
19990501,19990507,1,1
19990508,19990514,2,1
19990515,19990521,0,0
19990522,19990528,0,0
19990529,19990531,0,0
19990601,19990607,2,1
19990608,19990614,2,1
19990615,19990621,0,0
19990622,19990628,1,1
19990629,19990630,1,1
19990701,19990707,0,0
19990708,19990714,1,1
19990715,19990721,0,0
19990722,19990728,1,1
19990729,19990731,0,0
19990801,19990807,0,0
19990808,19990814,1,1
19990815,19990821,0,0
19990822,19990828,0,0
19990829,19990831,0,0
19990901,19990907,0,0
19990908,19990914,0,0
19990915,19990921,0,0
19990922,19990928,4,1
19990929,19990930,0,0
19991001,19991007,0,0
19991008,19991014,0,0
19991015,19991021,4,1
19991022,19991028,0,0
19991029,19991031,1,1
19991101,19991107,1,1
19991108,19991114,0,0
19991115,19991121,1,1
19991122,19991128,1,1
19991129,19991130,0,0
19991201,19991207,1,1
19991208,19991214,1,1
19991215,19991221,1,1
19991222,19991228,2,1
19991229,19991231,0,0
19980101,19980107,1,1
19980108,19980114,0,0
19980115,19980121,2,1
19980122,19980128,2,1
19980129,19980131,1,1
19980201,19980207,1,1
19980208,19980214,0,0
19980215,19980221,1,1
19980222,19980228,1,1
19980229,19980229,1,1
19980301,19980307,3,1
19980308,19980314,0,0
19980315,19980321,0,0
19980322,19980328,1,1
19980329,19980331,0,0
19980401,19980407,0,0
19980408,19980414,2,1
19980415,19980421,0,0
19980422,19980428,3,1
19980429,19980430,0,0
19980501,19980507,4,1
19980508,19980514,4,1
19980515,19980521,0,0
19980522,19980528,5,1
19980529,19980531,0,0
19980601,19980607,1,1
19980608,19980614,0,0
19980615,19980621,2,1
19980622,19980628,0,0
19980629,19980630,1,1
19980701,19980707,1,1
19980708,19980714,2,1
19980715,19980721,1,1
19980722,19980728,1,1
19980729,19980731,2,1
19980801,19980807,1,1
19980808,19980814,1,1
19980815,19980821,3,1
19980822,19980828,0,0
19980829,19980831,2,1
19980901,19980907,1,1
19980908,19980914,1,1
19980915,19980921,1,1
19980922,19980928,3,1
19980929,19980930,0,0
19981001,19981007,2,1
19981008,19981014,2,1
19981015,19981021,2,1
19981022,19981028,1,1
19981029,19981031,0,0
19981101,19981107,0,0
19981108,19981114,2,1
19981115,19981121,5,1
19981122,19981128,1,1
19981129,19981130,1,1
19981201,19981207,0,0
19981208,19981214,0,0
19981215,19981221,3,1
19981222,19981228,1,1
19981229,19981231,2,1
19970101,19970107,0,0
19970108,19970114,3,1
19970115,19970121,2,1
19970122,19970128,0,0
19970129,19970131,1,1
19970201,19970207,0,0
19970208,19970214,0,0
19970215,19970221,1,1
19970222,19970228,1,1
19970229,19970229,0,0
19970301,19970307,1,1
19970308,19970314,1,1
19970315,19970321,5,1
19970322,19970328,0,0
19970329,19970331,0,0
19970401,19970407,1,1
19970408,19970414,1,1
19970415,19970421,3,1
19970422,19970428,1,1
19970429,19970430,0,0
19970501,19970507,1,1
19970508,19970514,1,1
19970515,19970521,3,1
19970522,19970528,0,0
19970529,19970531,1,1
19970601,19970607,2,1
19970608,19970614,2,1
19970615,19970621,5,1
19970622,19970628,11,2
19970629,19970630,0,0
19970701,19970707,1,1
19970708,19970714,1,1
19970715,19970721,4,1
19970722,19970728,1,1
19970729,19970731,2,1
19970801,19970807,4,1
19970808,19970814,1,1
19970815,19970821,1,1
19970822,19970828,3,1
19970829,19970831,0,0
19970901,19970907,1,1
19970908,19970914,0,0
19970915,19970921,0,0
19970922,19970928,0,0
19970929,19970930,0,0
19971001,19971007,1,1
19971008,19971014,2,1
19971015,19971021,0,0
19971022,19971028,2,1
19971029,19971031,0,0
19971101,19971107,0,0
19971108,19971114,0,0
19971115,19971121,1,1
19971122,19971128,0,0
19971129,19971130,1,1
19971201,19971207,1,1
19971208,19971214,1,1
19971215,19971221,0,0
19971222,19971228,0,0
19971229,19971231,0,0
19960101,19960107,4,1
19960108,19960114,0,0
19960115,19960121,1,1
19960122,19960128,0,0
19960129,19960131,0,0
19960201,19960207,1,1
19960208,19960214,1,1
19960215,19960221,0,0
19960222,19960228,1,1
19960229,19960229,2,1
19960301,19960307,0,0
19960308,19960314,0,0
19960315,19960321,3,1
19960322,19960328,0,0
19960329,19960331,0,0
19960401,19960407,3,1
19960408,19960414,3,1
19960415,19960421,3,1
19960422,19960428,0,0
19960429,19960430,0,0
19960501,19960507,1,1
19960508,19960514,3,1
19960515,19960521,1,1
19960522,19960528,1,1
19960529,19960531,0,0
19960601,19960607,0,0
19960608,19960614,0,0
19960615,19960621,3,1
19960622,19960628,1,1
19960629,19960630,0,0
19960701,19960707,2,1
19960708,19960714,0,0
19960715,19960721,1,1
19960722,19960728,1,1
19960729,19960731,0,0
19960801,19960807,1,1
19960808,19960814,0,0
19960815,19960821,2,1
19960822,19960828,3,1
19960829,19960831,1,1
19960901,19960907,1,1
19960908,19960914,0,0
19960915,19960921,2,1
19960922,19960928,1,1
19960929,19960930,0,0
19961001,19961007,1,1
19961008,19961014,1,1
19961015,19961021,1,1
19961022,19961028,1,1
19961029,19961031,0,0
19961101,19961107,2,1
19961108,19961114,1,1
19961115,19961121,1,1
19961122,19961128,3,1
19961129,19961130,0,0
19961201,19961207,0,0
19961208,19961214,1,1
19961215,19961221,0,0
19961222,19961228,1,1
19961229,19961231,0,0
19950101,19950107,3,1
19950108,19950114,0,0
19950115,19950121,0,0
19950122,19950128,0,0
19950129,19950131,1,1
19950201,19950207,0,0
19950208,19950214,1,1
19950215,19950221,4,1
19950222,19950228,0,0
19950229,19950229,0,0
19950301,19950307,0,0
19950308,19950314,3,1
19950315,19950321,1,1
19950322,19950328,0,0
19950329,19950331,0,0
19950401,19950407,0,0
19950408,19950414,2,1
19950415,19950421,2,1
19950422,19950428,1,1
19950429,19950430,0,0
19950501,19950507,1,1
19950508,19950514,0,0
19950515,19950521,1,1
19950522,19950528,0,0
19950529,19950531,1,1
19950601,19950607,1,1
19950608,19950614,4,1
19950615,19950621,1,1
19950622,19950628,0,0
19950629,19950630,0,0
19950701,19950707,3,1
19950708,19950714,2,1
19950715,19950721,2,1
19950722,19950728,3,1
19950729,19950731,2,1
19950801,19950807,2,1
19950808,19950814,4,1
19950815,19950821,1,1
19950822,19950828,0,0
19950829,19950831,0,0
19950901,19950907,0,0
19950908,19950914,2,1
19950915,19950921,0,0
19950922,19950928,0,0
19950929,19950930,0,0
19951001,19951007,2,1
19951008,19951014,0,0
19951015,19951021,0,0
19951022,19951028,1,1
19951029,19951031,0,0
19951101,19951107,1,1
19951108,19951114,0,0
19951115,19951121,2,1
19951122,19951128,1,1
19951129,19951130,2,1
19951201,19951207,0,0
19951208,19951214,2,1
19951215,19951221,1,1
19951222,19951228,1,1
19951229,19951231,0,0
19940101,19940107,1,1
19940108,19940114,1,1
19940115,19940121,0,0
19940122,19940128,0,0
19940129,19940131,0,0
19940201,19940207,1,1
19940208,19940214,0,0
19940215,19940221,1,1
19940222,19940228,2,1
19940229,19940229,0,0
19940301,19940307,2,1
19940308,19940314,0,0
19940315,19940321,1,1
19940322,19940328,1,1
19940329,19940331,0,0
19940401,19940407,3,1
19940408,19940414,1,1
19940415,19940421,4,1
19940422,19940428,4,1
19940429,19940430,1,1
19940501,19940507,4,1
19940508,19940514,3,1
19940515,19940521,1,1
19940522,19940528,2,1
19940529,19940531,1,1
19940601,19940607,1,1
19940608,19940614,0,0
19940615,19940621,4,1
19940622,19940628,2,1
19940629,19940630,0,0
19940701,19940707,1,1
19940708,19940714,1,1
19940715,19940721,1,1
19940722,19940728,1,1
19940729,19940731,0,0
19940801,19940807,0,0
19940808,19940814,0,0
19940815,19940821,1,1
19940822,19940828,1,1
19940829,19940831,1,1
19940901,19940907,0,0
19940908,19940914,1,1
19940915,19940921,1,1
19940922,19940928,3,1
19940929,19940930,0,0
19941001,19941007,2,1
19941008,19941014,0,0
19941015,19941021,2,1
19941022,19941028,0,0
19941029,19941031,0,0
19941101,19941107,1,1
19941108,19941114,1,1
19941115,19941121,2,1
19941122,19941128,3,1
19941129,19941130,1,1
19941201,19941207,1,1
19941208,19941214,1,1
19941215,19941221,0,0
19941222,19941228,1,1
19941229,19941231,0,0
19930101,19930107,3,1
19930108,19930114,1,1
19930115,19930121,0,0
19930122,19930128,0,0
19930129,19930131,0,0
19930201,19930207,2,1
19930208,19930214,0,0
19930215,19930221,1,1
19930222,19930228,1,1
19930229,19930229,0,0
19930301,19930307,1,1
19930308,19930314,0,0
19930315,19930321,0,0
19930322,19930328,3,1
19930329,19930331,0,0
19930401,19930407,1,1
19930408,19930414,0,0
19930415,19930421,0,0
19930422,19930428,1,1
19930429,19930430,0,0
19930501,19930507,1,1
19930508,19930514,1,1
19930515,19930521,1,1
19930522,19930528,1,1
19930529,19930531,0,0
19930601,19930607,1,1
19930608,19930614,0,0
19930615,19930621,2,1
19930622,19930628,2,1
19930629,19930630,0,0
19930701,19930707,2,1
19930708,19930714,1,1
19930715,19930721,1,1
19930722,19930728,2,1
19930729,19930731,0,0
19930801,19930807,3,1
19930808,19930814,0,0
19930815,19930821,0,0
19930822,19930828,0,0
19930829,19930831,0,0
19930901,19930907,1,1
19930908,19930914,1,1
19930915,19930921,0,0
19930922,19930928,0,0
19930929,19930930,0,0
19931001,19931007,2,1
19931008,19931014,1,1
19931015,19931021,4,1
19931022,19931028,0,0
19931029,19931031,0,0
19931101,19931107,1,1
19931108,19931114,2,1
19931115,19931121,0,0
19931122,19931128,0,0
19931129,19931130,0,0
19931201,19931207,2,1
19931208,19931214,1,1
19931215,19931221,1,1
19931222,19931228,1,1
19931229,19931231,0,0
19920101,19920107,1,1
19920108,19920114,0,0
19920115,19920121,0,0
19920122,19920128,0,0
19920129,19920131,1,1
19920201,19920207,2,1
19920208,19920214,0,0
19920215,19920221,1,1
19920222,19920228,0,0
19920229,19920229,0,0
19920301,19920307,1,1
19920308,19920314,1,1
19920315,19920321,1,1
19920322,19920328,0,0
19920329,19920331,0,0
19920401,19920407,1,1
19920408,19920414,0,0
19920415,19920421,0,0
19920422,19920428,0,0
19920429,19920430,0,0
19920501,19920507,0,0
19920508,19920514,0,0
19920515,19920521,3,1
19920522,19920528,0,0
19920529,19920531,0,0
19920601,19920607,0,0
19920608,19920614,1,1
19920615,19920621,0,0
19920622,19920628,2,1
19920629,19920630,0,0
19920701,19920707,2,1
19920708,19920714,0,0
19920715,19920721,0,0
19920722,19920728,0,0
19920729,19920731,0,0
19920801,19920807,1,1
19920808,19920814,1,1
19920815,19920821,1,1
19920822,19920828,0,0
19920829,19920831,0,0
19920901,19920907,0,0
19920908,19920914,1,1
19920915,19920921,1,1
19920922,19920928,1,1
19920929,19920930,0,0
19921001,19921007,1,1
19921008,19921014,1,1
19921015,19921021,1,1
19921022,19921028,0,0
19921029,19921031,1,1
19921101,19921107,0,0
19921108,19921114,1,1
19921115,19921121,0,0
19921122,19921128,1,1
19921129,19921130,0,0
19921201,19921207,0,0
19921208,19921214,1,1
19921215,19921221,0,0
19921222,19921228,0,0
19921229,19921231,0,0
19910101,19910107,1,1
19910108,19910114,1,1
19910115,19910121,0,0
19910122,19910128,1,1
19910129,19910131,0,0
19910201,19910207,0,0
19910208,19910214,0,0
19910215,19910221,0,0
19910222,19910228,0,0
19910229,19910229,0,0
19910301,19910307,0,0
19910308,19910314,1,1
19910315,19910321,1,1
19910322,19910328,1,1
19910329,19910331,1,1
19910401,19910407,0,0
19910408,19910414,1,1
19910415,19910421,2,1
19910422,19910428,1,1
19910429,19910430,0,0
19910501,19910507,1,1
19910508,19910514,0,0
19910515,19910521,0,0
19910522,19910528,0,0
19910529,19910531,0,0
19910601,19910607,0,0
19910608,19910614,0,0
19910615,19910621,0,0
19910622,19910628,2,1
19910629,19910630,0,0
19910701,19910707,1,1
19910708,19910714,1,1
19910715,19910721,1,1
19910722,19910728,1,1
19910729,19910731,0,0
19910801,19910807,1,1
19910808,19910814,0,0
19910815,19910821,1,1
19910822,19910828,1,1
19910829,19910831,0,0
19910901,19910907,0,0
19910908,19910914,2,1
19910915,19910921,0,0
19910922,19910928,1,1
19910929,19910930,0,0
19911001,19911007,2,1
19911008,19911014,0,0
19911015,19911021,0,0
19911022,19911028,1,1
19911029,19911031,1,1
19911101,19911107,0,0
19911108,19911114,1,1
19911115,19911121,1,1
19911122,19911128,0,0
19911129,19911130,0,0
19911201,19911207,0,0
19911208,19911214,1,1
19911215,19911221,0,0
19911222,19911228,1,1
19911229,19911231,0,0
19900101,19900107,0,0
19900108,19900114,1,1
19900115,19900121,0,0
19900122,19900128,0,0
19900129,19900131,0,0
19900201,19900207,2,1
19900208,19900214,1,1
19900215,19900221,1,1
19900222,19900228,0,0
19900229,19900229,0,0
19900301,19900307,2,1
19900308,19900314,1,1
19900315,19900321,0,0
19900322,19900328,2,1
19900329,19900331,1,1
19900401,19900407,0,0
19900408,19900414,1,1
19900415,19900421,0,0
19900422,19900428,2,1
19900429,19900430,1,1
19900501,19900507,0,0
19900508,19900514,0,0
19900515,19900521,2,1
19900522,19900528,0,0
19900529,19900531,1,1
19900601,19900607,1,1
19900608,19900614,0,0
19900615,19900621,0,0
19900622,19900628,1,1
19900629,19900630,0,0
19900701,19900707,1,1
19900708,19900714,1,1
19900715,19900721,0,0
19900722,19900728,0,0
19900729,19900731,0,0
19900801,19900807,0,0
19900808,19900814,2,1
19900815,19900821,1,1
19900822,19900828,0,0
19900829,19900831,1,1
19900901,19900907,1,1
19900908,19900914,0,0
19900915,19900921,2,1
19900922,19900928,2,1
19900929,19900930,2,1
19901001,19901007,2,1
19901008,19901014,1,1
19901015,19901021,0,0
19901022,19901028,1,1
19901029,19901031,1,1
19901101,19901107,0,0
19901108,19901114,2,1
19901115,19901121,3,1
19901122,19901128,0,0
19901129,19901130,0,0
19901201,19901207,0,0
19901208,19901214,1,1
19901215,19901221,1,1
19901222,19901228,0,0
19901229,19901231,0,0
19890101,19890107,0,0
19890108,19890114,3,1
19890115,19890121,1,1
19890122,19890128,0,0
19890129,19890131,0,0
19890201,19890207,1,1
19890208,19890214,3,1
19890215,19890221,1,1
19890222,19890228,0,0
19890229,19890229,0,0
19890301,19890307,0,0
19890308,19890314,0,0
19890315,19890321,3,1
19890322,19890328,3,1
19890329,19890331,0,0
19890401,19890407,1,1
19890408,19890414,2,1
19890415,19890421,0,0
19890422,19890428,1,1
19890429,19890430,0,0
19890501,19890507,1,1
19890508,19890514,4,1
19890515,19890521,2,1
19890522,19890528,0,0
19890529,19890531,0,0
19890601,19890607,1,1
19890608,19890614,0,0
19890615,19890621,1,1
19890622,19890628,0,0
19890629,19890630,1,1
19890701,19890707,0,0
19890708,19890714,1,1
19890715,19890721,0,0
19890722,19890728,0,0
19890729,19890731,0,0
19890801,19890807,0,0
19890808,19890814,0,0
19890815,19890821,1,1
19890822,19890828,0,0
19890829,19890831,0,0
19890901,19890907,0,0
19890908,19890914,0,0
19890915,19890921,3,1
19890922,19890928,0,0
19890929,19890930,0,0
19891001,19891007,1,1
19891008,19891014,3,1
19891015,19891021,0,0
19891022,19891028,0,0
19891029,19891031,2,1
19891101,19891107,3,1
19891108,19891114,0,0
19891115,19891121,0,0
19891122,19891128,1,1
19891129,19891130,0,0
19891201,19891207,4,1
19891208,19891214,0,0
19891215,19891221,1,1
19891222,19891228,0,0
19891229,19891231,1,1
19880101,19880107,1,1
19880108,19880114,0,0
19880115,19880121,1,1
19880122,19880128,2,1
19880129,19880131,1,1
19880201,19880207,1,1
19880208,19880214,0,0
19880215,19880221,0,0
19880222,19880228,0,0
19880229,19880229,0,0
19880301,19880307,2,1
19880308,19880314,0,0
19880315,19880321,1,1
19880322,19880328,0,0
19880329,19880331,0,0
19880401,19880407,2,1
19880408,19880414,1,1
19880415,19880421,1,1
19880422,19880428,1,1
19880429,19880430,0,0
19880501,19880507,0,0
19880508,19880514,1,1
19880515,19880521,4,1
19880522,19880528,0,0
19880529,19880531,0,0
19880601,19880607,3,1
19880608,19880614,1,1
19880615,19880621,1,1
19880622,19880628,1,1
19880629,19880630,1,1
19880701,19880707,1,1
19880708,19880714,1,1
19880715,19880721,2,1
19880722,19880728,0,0
19880729,19880731,0,0
19880801,19880807,2,1
19880808,19880814,2,1
19880815,19880821,2,1
19880822,19880828,0,0
19880829,19880831,1,1
19880901,19880907,0,0
19880908,19880914,1,1
19880915,19880921,0,0
19880922,19880928,1,1
19880929,19880930,0,0
19881001,19881007,2,1
19881008,19881014,3,1
19881015,19881021,0,0
19881022,19881028,2,1
19881029,19881031,0,0
19881101,19881107,1,1
19881108,19881114,4,1
19881115,19881121,0,0
19881122,19881128,0,0
19881129,19881130,0,0
19881201,19881207,1,1
19881208,19881214,0,0
19881215,19881221,0,0
19881222,19881228,2,1
19881229,19881231,0,0
19870101,19870107,2,1
19870108,19870114,1,1
19870115,19870121,2,1
19870122,19870128,2,1
19870129,19870131,1,1
19870201,19870207,2,1
19870208,19870214,1,1
19870215,19870221,2,1
19870222,19870228,2,1
19870229,19870229,0,0
19870301,19870307,1,1
19870308,19870314,0,0
19870315,19870321,3,1
19870322,19870328,1,1
19870329,19870331,2,1
19870401,19870407,0,0
19870408,19870414,0,0
19870415,19870421,0,0
19870422,19870428,3,1
19870429,19870430,1,1
19870501,19870507,1,1
19870508,19870514,0,0
19870515,19870521,1,1
19870522,19870528,1,1
19870529,19870531,0,0
19870601,19870607,0,0
19870608,19870614,0,0
19870615,19870621,0,0
19870622,19870628,0,0
19870629,19870630,0,0
19870701,19870707,0,0
19870708,19870714,1,1
19870715,19870721,0,0
19870722,19870728,1,1
19870729,19870731,0,0
19870801,19870807,1,1
19870808,19870814,0,0
19870815,19870821,0,0
19870822,19870828,0,0
19870829,19870831,1,1
19870901,19870907,1,1
19870908,19870914,0,0
19870915,19870921,2,1
19870922,19870928,3,1
19870929,19870930,1,1
19871001,19871007,1,1
19871008,19871014,0,0
19871015,19871021,0,0
19871022,19871028,0,0
19871029,19871031,1,1
19871101,19871107,1,1
19871108,19871114,1,1
19871115,19871121,1,1
19871122,19871128,3,1
19871129,19871130,1,1
19871201,19871207,1,1
19871208,19871214,0,0
19871215,19871221,0,0
19871222,19871228,1,1
19871229,19871231,0,0
19860101,19860107,1,1
19860108,19860114,1,1
19860115,19860121,2,1
19860122,19860128,0,0
19860129,19860131,0,0
19860201,19860207,1,1
19860208,19860214,0,0
19860215,19860221,0,0
19860222,19860228,0,0
19860229,19860229,0,0
19860301,19860307,1,1
19860308,19860314,1,1
19860315,19860321,0,0
19860322,19860328,1,1
19860329,19860331,0,0
19860401,19860407,0,0
19860408,19860414,0,0
19860415,19860421,2,1
19860422,19860428,0,0
19860429,19860430,0,0
19860501,19860507,0,0
19860508,19860514,0,0
19860515,19860521,2,1
19860522,19860528,1,1
19860529,19860531,0,0
19860601,19860607,0,0
19860608,19860614,0,0
19860615,19860621,1,1
19860622,19860628,2,1
19860629,19860630,1,1
19860701,19860707,1,1
19860708,19860714,1,1
19860715,19860721,0,0
19860722,19860728,0,0
19860729,19860731,0,0
19860801,19860807,2,1
19860808,19860814,0,0
19860815,19860821,0,0
19860822,19860828,0,0
19860829,19860831,0,0
19860901,19860907,2,1
19860908,19860914,2,1
19860915,19860921,1,1
19860922,19860928,4,1
19860929,19860930,0,0
19861001,19861007,1,1
19861008,19861014,0,0
19861015,19861021,1,1
19861022,19861028,0,0
19861029,19861031,1,1
19861101,19861107,1,1
19861108,19861114,1,1
19861115,19861121,3,1
19861122,19861128,2,1
19861129,19861130,0,0
19861201,19861207,1,1
19861208,19861214,1,1
19861215,19861221,0,0
19861222,19861228,0,0
19861229,19861231,1,1
19850101,19850107,0,0
19850108,19850114,2,1
19850115,19850121,1,1
19850122,19850128,1,1
19850129,19850131,0,0
19850201,19850207,2,1
19850208,19850214,2,1
19850215,19850221,1,1
19850222,19850228,2,1
19850229,19850229,0,0
19850301,19850307,1,1
19850308,19850314,2,1
19850315,19850321,2,1
19850322,19850328,0,0
19850329,19850331,1,1
19850401,19850407,0,0
19850408,19850414,0,0
19850415,19850421,0,0
19850422,19850428,1,1
19850429,19850430,0,0
19850501,19850507,2,1
19850508,19850514,1,1
19850515,19850521,2,1
19850522,19850528,1,1
19850529,19850531,1,1
19850601,19850607,3,1
19850608,19850614,1,1
19850615,19850621,2,1
19850622,19850628,0,0
19850629,19850630,1,1
19850701,19850707,1,1
19850708,19850714,3,1
19850715,19850721,2,1
19850722,19850728,1,1
19850729,19850731,0,0
19850801,19850807,0,0
19850808,19850814,2,1
19850815,19850821,0,0
19850822,19850828,1,1
19850829,19850831,0,0
19850901,19850907,1,1
19850908,19850914,0,0
19850915,19850921,1,1
19850922,19850928,0,0
19850929,19850930,0,0
19851001,19851007,0,0
19851008,19851014,1,1
19851015,19851021,0,0
19851022,19851028,2,1
19851029,19851031,0,0
19851101,19851107,1,1
19851108,19851114,2,1
19851115,19851121,1,1
19851122,19851128,2,1
19851129,19851130,0,0
19851201,19851207,3,1
19851208,19851214,1,1
19851215,19851221,1,1
19851222,19851228,2,1
19851229,19851231,0,0
19840101,19840107,1,1
19840108,19840114,2,1
19840115,19840121,3,1
19840122,19840128,1,1
19840129,19840131,0,0
19840201,19840207,1,1
19840208,19840214,0,0
19840215,19840221,2,1
19840222,19840228,0,0
19840229,19840229,0,0
19840301,19840307,1,1
19840308,19840314,0,0
19840315,19840321,2,1
19840322,19840328,0,0
19840329,19840331,0,0
19840401,19840407,1,1
19840408,19840414,0,0
19840415,19840421,0,0
19840422,19840428,2,1
19840429,19840430,1,1
19840501,19840507,0,0
19840508,19840514,2,1
19840515,19840521,1,1
19840522,19840528,2,1
19840529,19840531,0,0
19840601,19840607,1,1
19840608,19840614,0,0
19840615,19840621,1,1
19840622,19840628,1,1
19840629,19840630,0,0
19840701,19840707,2,1
19840708,19840714,0,0
19840715,19840721,0,0
19840722,19840728,0,0
19840729,19840731,0,0
19840801,19840807,1,1
19840808,19840814,0,0
19840815,19840821,0,0
19840822,19840828,0,0
19840829,19840831,0,0
19840901,19840907,1,1
19840908,19840914,0,0
19840915,19840921,0,0
19840922,19840928,1,1
19840929,19840930,1,1
19841001,19841007,1,1
19841008,19841014,1,1
19841015,19841021,0,0
19841022,19841028,0,0
19841029,19841031,0,0
19841101,19841107,2,1
19841108,19841114,2,1
19841115,19841121,2,1
19841122,19841128,1,1
19841129,19841130,0,0
19841201,19841207,0,0
19841208,19841214,1,1
19841215,19841221,1,1
19841222,19841228,1,1
19841229,19841231,0,0
19830101,19830107,0,0
19830108,19830114,0,0
19830115,19830121,2,1
19830122,19830128,1,1
19830129,19830131,1,1
19830201,19830207,0,0
19830208,19830214,1,1
19830215,19830221,0,0
19830222,19830228,1,1
19830229,19830229,0,0
19830301,19830307,1,1
19830308,19830314,0,0
19830315,19830321,2,1
19830322,19830328,3,1
19830329,19830331,0,0
19830401,19830407,1,1
19830408,19830414,1,1
19830415,19830421,0,0
19830422,19830428,0,0
19830429,19830430,0,0
19830501,19830507,0,0
19830508,19830514,0,0
19830515,19830521,0,0
19830522,19830528,1,1
19830529,19830531,0,0
19830601,19830607,2,1
19830608,19830614,1,1
19830615,19830621,2,1
19830622,19830628,0,0
19830629,19830630,1,1
19830701,19830707,0,0
19830708,19830714,0,0
19830715,19830721,1,1
19830722,19830728,1,1
19830729,19830731,0,0
19830801,19830807,0,0
19830808,19830814,0,0
19830815,19830821,0,0
19830822,19830828,1,1
19830829,19830831,1,1
19830901,19830907,1,1
19830908,19830914,0,0
19830915,19830921,0,0
19830922,19830928,0,0
19830929,19830930,0,0
19831001,19831007,0,0
19831008,19831014,1,1
19831015,19831021,0,0
19831022,19831028,0,0
19831029,19831031,0,0
19831101,19831107,0,0
19831108,19831114,0,0
19831115,19831121,0,0
19831122,19831128,0,0
19831129,19831130,0,0
19831201,19831207,0,0
19831208,19831214,1,1
19831215,19831221,0,0
19831222,19831228,0,0
19831229,19831231,0,0
19820101,19820107,1,1
19820108,19820114,0,0
19820115,19820121,1,1
19820122,19820128,0,0
19820129,19820131,0,0
19820201,19820207,1,1
19820208,19820214,0,0
19820215,19820221,1,1
19820222,19820228,5,1
19820229,19820229,0,0
19820301,19820307,0,0
19820308,19820314,2,1
19820315,19820321,0,0
19820322,19820328,0,0
19820329,19820331,0,0
19820401,19820407,0,0
19820408,19820414,1,1
19820415,19820421,0,0
19820422,19820428,0,0
19820429,19820430,0,0
19820501,19820507,0,0
19820508,19820514,1,1
19820515,19820521,0,0
19820522,19820528,2,1
19820529,19820531,0,0
19820601,19820607,0,0
19820608,19820614,1,1
19820615,19820621,0,0
19820622,19820628,0,0
19820629,19820630,0,0
19820701,19820707,0,0
19820708,19820714,0,0
19820715,19820721,1,1
19820722,19820728,0,0
19820729,19820731,0,0
19820801,19820807,1,1
19820808,19820814,0,0
19820815,19820821,2,1
19820822,19820828,2,1
19820829,19820831,1,1
19820901,19820907,1,1
19820908,19820914,1,1
19820915,19820921,2,1
19820922,19820928,1,1
19820929,19820930,0,0
19821001,19821007,0,0
19821008,19821014,3,1
19821015,19821021,1,1
19821022,19821028,1,1
19821029,19821031,0,0
19821101,19821107,1,1
19821108,19821114,0,0
19821115,19821121,1,1
19821122,19821128,0,0
19821129,19821130,1,1
19821201,19821207,2,1
19821208,19821214,0,0
19821215,19821221,0,0
19821222,19821228,1,1
19821229,19821231,0,0
19810101,19810107,0,0
19810108,19810114,0,0
19810115,19810121,2,1
19810122,19810128,1,1
19810129,19810131,0,0
19810201,19810207,0,0
19810208,19810214,0,0
19810215,19810221,1,1
19810222,19810228,0,0
19810229,19810229,0,0
19810301,19810307,0,0
19810308,19810314,2,1
19810315,19810321,1,1
19810322,19810328,0,0
19810329,19810331,1,1
19810401,19810407,0,0
19810408,19810414,0,0
19810415,19810421,0,0
19810422,19810428,0,0
19810429,19810430,0,0
19810501,19810507,0,0
19810508,19810514,2,1
19810515,19810521,0,0
19810522,19810528,0,0
19810529,19810531,0,0
19810601,19810607,1,1
19810608,19810614,1,1
19810615,19810621,1,1
19810622,19810628,0,0
19810629,19810630,0,0
19810701,19810707,0,0
19810708,19810714,2,1
19810715,19810721,2,1
19810722,19810728,2,1
19810729,19810731,0,0
19810801,19810807,1,1
19810808,19810814,0,0
19810815,19810821,0,0
19810822,19810828,2,1
19810829,19810831,0,0
19810901,19810907,1,1
19810908,19810914,0,0
19810915,19810921,3,1
19810922,19810928,0,0
19810929,19810930,0,0
19811001,19811007,0,0
19811008,19811014,0,0
19811015,19811021,0,0
19811022,19811028,0,0
19811029,19811031,0,0
19811101,19811107,0,0
19811108,19811114,0,0
19811115,19811121,0,0
19811122,19811128,1,1
19811129,19811130,0,0
19811201,19811207,1,1
19811208,19811214,0,0
19811215,19811221,0,0
19811222,19811228,0,0
19811229,19811231,0,0
19800101,19800107,1,1
19800108,19800114,0,0
19800115,19800121,4,1
19800122,19800128,0,0
19800129,19800131,0,0
19800201,19800207,0,0
19800208,19800214,2,1
19800215,19800221,0,0
19800222,19800228,1,1
19800229,19800229,0,0
19800301,19800307,0,0
19800308,19800314,0,0
19800315,19800321,0,0
19800322,19800328,1,1
19800329,19800331,2,1
19800401,19800407,0,0
19800408,19800414,0,0
19800415,19800421,1,1
19800422,19800428,0,0
19800429,19800430,0,0
19800501,19800507,1,1
19800508,19800514,1,1
19800515,19800521,2,1
19800522,19800528,1,1
19800529,19800531,0,0
19800601,19800607,0,0
19800608,19800614,0,0
19800615,19800621,2,1
19800622,19800628,0,0
19800629,19800630,0,0
19800701,19800707,2,1
19800708,19800714,0,0
19800715,19800721,0,0
19800722,19800728,0,0
19800729,19800731,0,0
19800801,19800807,0,0
19800808,19800814,0,0
19800815,19800821,0,0
19800822,19800828,1,1
19800829,19800831,0,0
19800901,19800907,2,1
19800908,19800914,2,1
19800915,19800921,2,1
19800922,19800928,0,0
19800929,19800930,2,1
19801001,19801007,7,1
19801008,19801014,0,0
19801015,19801021,0,0
19801022,19801028,1,1
19801029,19801031,0,0
19801101,19801107,1,1
19801108,19801114,5,1
19801115,19801121,0,0
19801122,19801128,2,1
19801129,19801130,0,0
19801201,19801207,0,0
19801208,19801214,2,1
19801215,19801221,0,0
19801222,19801228,0,0
19801229,19801231,0,0
19790101,19790107,0,0
19790108,19790114,2,1
19790115,19790121,1,1
19790122,19790128,3,1
19790129,19790131,1,1
19790201,19790207,2,1
19790208,19790214,1,1
19790215,19790221,0,0
19790222,19790228,1,1
19790229,19790229,0,0
19790301,19790307,1,1
19790308,19790314,2,1
19790315,19790321,0,0
19790322,19790328,2,1
19790329,19790331,0,0
19790401,19790407,1,1
19790408,19790414,1,1
19790415,19790421,1,1
19790422,19790428,0,0
19790429,19790430,1,1
19790501,19790507,2,1
19790508,19790514,4,1
19790515,19790521,3,1
19790522,19790528,0,0
19790529,19790531,1,1
19790601,19790607,0,0
19790608,19790614,2,1
19790615,19790621,0,0
19790622,19790628,1,1
19790629,19790630,0,0
19790701,19790707,0,0
19790708,19790714,0,0
19790715,19790721,1,1
19790722,19790728,0,0
19790729,19790731,0,0
19790801,19790807,0,0
19790808,19790814,1,1
19790815,19790821,0,0
19790822,19790828,1,1
19790829,19790831,0,0
19790901,19790907,0,0
19790908,19790914,0,0
19790915,19790921,0,0
19790922,19790928,1,1
19790929,19790930,1,1
19791001,19791007,1,1
19791008,19791014,2,1
19791015,19791021,0,0
19791022,19791028,2,1
19791029,19791031,0,0
19791101,19791107,2,1
19791108,19791114,0,0
19791115,19791121,1,1
19791122,19791128,3,1
19791129,19791130,0,0
19791201,19791207,0,0
19791208,19791214,1,1
19791215,19791221,0,0
19791222,19791228,0,0
19791229,19791231,1,1
19780101,19780107,1,1
19780108,19780114,3,1
19780115,19780121,0,0
19780122,19780128,0,0
19780129,19780131,1,1
19780201,19780207,2,1
19780208,19780214,2,1
19780215,19780221,2,1
19780222,19780228,1,1
19780229,19780229,0,0
19780301,19780307,0,0
19780308,19780314,1,1
19780315,19780321,2,1
19780322,19780328,0,0
19780329,19780331,1,1
19780401,19780407,0,0
19780408,19780414,0,0
19780415,19780421,0,0
19780422,19780428,1,1
19780429,19780430,0,0
19780501,19780507,3,1
19780508,19780514,5,1
19780515,19780521,1,1
19780522,19780528,0,0
19780529,19780531,0,0
19780601,19780607,1,1
19780608,19780614,0,0
19780615,19780621,1,1
19780622,19780628,0,0
19780629,19780630,1,1
19780701,19780707,2,1
19780708,19780714,2,1
19780715,19780721,0,0
19780722,19780728,1,1
19780729,19780731,0,0
19780801,19780807,1,1
19780808,19780814,0,0
19780815,19780821,0,0
19780822,19780828,0,0
19780829,19780831,0,0
19780901,19780907,0,0
19780908,19780914,0,0
19780915,19780921,0,0
19780922,19780928,0,0
19780929,19780930,0,0
19781001,19781007,0,0
19781008,19781014,0,0
19781015,19781021,0,0
19781022,19781028,0,0
19781029,19781031,0,0
19781101,19781107,1,1
19781108,19781114,1,1
19781115,19781121,1,1
19781122,19781128,2,1
19781129,19781130,2,1
19781201,19781207,0,0
19781208,19781214,2,1
19781215,19781221,1,1
19781222,19781228,0,0
19781229,19781231,1,1
19770101,19770107,1,1
19770108,19770114,0,0
19770115,19770121,0,0
19770122,19770128,1,1
19770129,19770131,0,0
19770201,19770207,1,1
19770208,19770214,1,1
19770215,19770221,0,0
19770222,19770228,1,1
19770229,19770229,0,0
19770301,19770307,0,0
19770308,19770314,1,1
19770315,19770321,1,1
19770322,19770328,2,1
19770329,19770331,0,0
19770401,19770407,4,1
19770408,19770414,0,0
19770415,19770421,0,0
19770422,19770428,0,0
19770429,19770430,0,0
19770501,19770507,0,0
19770508,19770514,0,0
19770515,19770521,4,1
19770522,19770528,1,1
19770529,19770531,0,0
19770601,19770607,1,1
19770608,19770614,0,0
19770615,19770621,1,1
19770622,19770628,0,0
19770629,19770630,0,0
19770701,19770707,0,0
19770708,19770714,1,1
19770715,19770721,0,0
19770722,19770728,2,1
19770729,19770731,1,1
19770801,19770807,1,1
19770808,19770814,1,1
19770815,19770821,0,0
19770822,19770828,0,0
19770829,19770831,0,0
19770901,19770907,0,0
19770908,19770914,0,0
19770915,19770921,1,1
19770922,19770928,2,1
19770929,19770930,0,0
19771001,19771007,0,0
19771008,19771014,1,1
19771015,19771021,0,0
19771022,19771028,0,0
19771029,19771031,0,0
19771101,19771107,1,1
19771108,19771114,0,0
19771115,19771121,1,1
19771122,19771128,2,1
19771129,19771130,0,0
19771201,19771207,1,1
19771208,19771214,4,1
19771215,19771221,0,0
19771222,19771228,0,0
19771229,19771231,0,0
19760101,19760107,0,0
19760108,19760114,0,0
19760115,19760121,0,0
19760122,19760128,3,1
19760129,19760131,0,0
19760201,19760207,1,1
19760208,19760214,0,0
19760215,19760221,0,0
19760222,19760228,0,0
19760229,19760229,0,0
19760301,19760307,0,0
19760308,19760314,1,1
19760315,19760321,0,0
19760322,19760328,1,1
19760329,19760331,2,1
19760401,19760407,1,1
19760408,19760414,0,0
19760415,19760421,2,1
19760422,19760428,0,0
19760429,19760430,0,0
19760501,19760507,0,0
19760508,19760514,1,1
19760515,19760521,1,1
19760522,19760528,0,0
19760529,19760531,0,0
19760601,19760607,2,1
19760608,19760614,1,1
19760615,19760621,1,1
19760622,19760628,0,0
19760629,19760630,0,0
19760701,19760707,0,0
19760708,19760714,0,0
19760715,19760721,0,0
19760722,19760728,1,1
19760729,19760731,0,0
19760801,19760807,0,0
19760808,19760814,0,0
19760815,19760821,0,0
19760822,19760828,0,0
19760829,19760831,0,0
19760901,19760907,0,0
19760908,19760914,0,0
19760915,19760921,2,1
19760922,19760928,1,1
19760929,19760930,0,0
19761001,19761007,1,1
19761008,19761014,1,1
19761015,19761021,0,0
19761022,19761028,0,0
19761029,19761031,0,0
19761101,19761107,0,0
19761108,19761114,0,0
19761115,19761121,1,1
19761122,19761128,1,1
19761129,19761130,0,0
19761201,19761207,1,1
19761208,19761214,0,0
19761215,19761221,0,0
19761222,19761228,1,1
19761229,19761231,0,0
19750101,19750107,0,0
19750108,19750114,2,1
19750115,19750121,0,0
19750122,19750128,0,0
19750129,19750131,0,0
19750201,19750207,0,0
19750208,19750214,0,0
19750215,19750221,1,1
19750222,19750228,0,0
19750229,19750229,0,0
19750301,19750307,0,0
19750308,19750314,0,0
19750315,19750321,0,0
19750322,19750328,0,0
19750329,19750331,0,0
19750401,19750407,0,0
19750408,19750414,0,0
19750415,19750421,1,1
19750422,19750428,0,0
19750429,19750430,0,0
19750501,19750507,1,1
19750508,19750514,0,0
19750515,19750521,0,0
19750522,19750528,0,0
19750529,19750531,0,0
19750601,19750607,0,0
19750608,19750614,2,1
19750615,19750621,0,0
19750622,19750628,0,0
19750629,19750630,0,0
19750701,19750707,1,1
19750708,19750714,2,1
19750715,19750721,0,0
19750722,19750728,0,0
19750729,19750731,1,1
19750801,19750807,0,0
19750808,19750814,0,0
19750815,19750821,0,0
19750822,19750828,0,0
19750829,19750831,0,0
19750901,19750907,0,0
19750908,19750914,0,0
19750915,19750921,0,0
19750922,19750928,0,0
19750929,19750930,0,0
19751001,19751007,0,0
19751008,19751014,1,1
19751015,19751021,1,1
19751022,19751028,0,0
19751029,19751031,0,0
19751101,19751107,1,1
19751108,19751114,0,0
19751115,19751121,2,1
19751122,19751128,0,0
19751129,19751130,0,0
19751201,19751207,0,0
19751208,19751214,0,0
19751215,19751221,0,0
19751222,19751228,0,0
19751229,19751231,0,0
19740101,19740107,0,0
19740108,19740114,3,1
19740115,19740121,0,0
19740122,19740128,2,1
19740129,19740131,0,0
19740201,19740207,0,0
19740208,19740214,0,0
19740215,19740221,0,0
19740222,19740228,1,1
19740229,19740229,0,0
19740301,19740307,0,0
19740308,19740314,1,1
19740315,19740321,0,0
19740322,19740328,2,1
19740329,19740331,0,0
19740401,19740407,2,1
19740408,19740414,0,0
19740415,19740421,1,1
19740422,19740428,0,0
19740429,19740430,0,0
19740501,19740507,0,0
19740508,19740514,0,0
19740515,19740521,1,1
19740522,19740528,0,0
19740529,19740531,0,0
19740601,19740607,0,0
19740608,19740614,0,0
19740615,19740621,0,0
19740622,19740628,0,0
19740629,19740630,0,0
19740701,19740707,0,0
19740708,19740714,2,1
19740715,19740721,0,0
19740722,19740728,0,0
19740729,19740731,0,0
19740801,19740807,1,1
19740808,19740814,0,0
19740815,19740821,0,0
19740822,19740828,0,0
19740829,19740831,0,0
19740901,19740907,0,0
19740908,19740914,0,0
19740915,19740921,1,1
19740922,19740928,0,0
19740929,19740930,0,0
19741001,19741007,2,1
19741008,19741014,0,0
19741015,19741021,0,0
19741022,19741028,1,1
19741029,19741031,0,0
19741101,19741107,2,1
19741108,19741114,0,0
19741115,19741121,2,1
19741122,19741128,2,1
19741129,19741130,0,0
19741201,19741207,0,0
19741208,19741214,0,0
19741215,19741221,0,0
19741222,19741228,0,0
19741229,19741231,0,0
19730101,19730107,0,0
19730108,19730114,0,0
19730115,19730121,3,1
19730122,19730128,1,1
19730129,19730131,0,0
19730201,19730207,0,0
19730208,19730214,1,1
19730215,19730221,0,0
19730222,19730228,1,1
19730229,19730229,0,0
19730301,19730307,0,0
19730308,19730314,1,1
19730315,19730321,0,0
19730322,19730328,1,1
19730329,19730331,0,0
19730401,19730407,0,0
19730408,19730414,0,0
19730415,19730421,0,0
19730422,19730428,1,1
19730429,19730430,1,1
19730501,19730507,0,0
19730508,19730514,0,0
19730515,19730521,2,1
19730522,19730528,0,0
19730529,19730531,0,0
19730601,19730607,0,0
19730608,19730614,2,1
19730615,19730621,0,0
19730622,19730628,2,1
19730629,19730630,0,0
19730701,19730707,0,0
19730708,19730714,1,1
19730715,19730721,0,0
19730722,19730728,0,0
19730729,19730731,0,0
19730801,19730807,0,0
19730808,19730814,0,0
19730815,19730821,0,0
19730822,19730828,0,0
19730829,19730831,0,0
19730901,19730907,0,0
19730908,19730914,0,0
19730915,19730921,0,0
19730922,19730928,0,0
19730929,19730930,1,1
19731001,19731007,0,0
19731008,19731014,0,0
19731015,19731021,1,1
19731022,19731028,1,1
19731029,19731031,0,0
19731101,19731107,0,0
19731108,19731114,0,0
19731115,19731121,0,0
19731122,19731128,0,0
19731129,19731130,0,0
19731201,19731207,0,0
19731208,19731214,0,0
19731215,19731221,2,1
19731222,19731228,0,0
19731229,19731231,0,0
19720101,19720107,0,0
19720108,19720114,2,1
19720115,19720121,1,1
19720122,19720128,0,0
19720129,19720131,0,0
19720201,19720207,0,0
19720208,19720214,0,0
19720215,19720221,0,0
19720222,19720228,1,1
19720229,19720229,0,0
19720301,19720307,0,0
19720308,19720314,0,0
19720315,19720321,1,1
19720322,19720328,0,0
19720329,19720331,0,0
19720401,19720407,0,0
19720408,19720414,0,0
19720415,19720421,0,0
19720422,19720428,0,0
19720429,19720430,0,0
19720501,19720507,0,0
19720508,19720514,1,1
19720515,19720521,1,1
19720522,19720528,0,0
19720529,19720531,0,0
19720601,19720607,0,0
19720608,19720614,0,0
19720615,19720621,0,0
19720622,19720628,0,0
19720629,19720630,0,0
19720701,19720707,1,1
19720708,19720714,0,0
19720715,19720721,0,0
19720722,19720728,1,1
19720729,19720731,0,0
19720801,19720807,0,0
19720808,19720814,0,0
19720815,19720821,1,1
19720822,19720828,0,0
19720829,19720831,1,1
19720901,19720907,0,0
19720908,19720914,0,0
19720915,19720921,1,1
19720922,19720928,0,0
19720929,19720930,0,0
19721001,19721007,0,0
19721008,19721014,0,0
19721015,19721021,0,0
19721022,19721028,2,1
19721029,19721031,0,0
19721101,19721107,0,0
19721108,19721114,1,1
19721115,19721121,2,1
19721122,19721128,0,0
19721129,19721130,0,0
19721201,19721207,0,0
19721208,19721214,1,1
19721215,19721221,0,0
19721222,19721228,1,1
19721229,19721231,0,0
19710101,19710107,1,1
19710108,19710114,1,1
19710115,19710121,2,1
19710122,19710128,0,0
19710129,19710131,0,0
19710201,19710207,1,1
19710208,19710214,1,1
19710215,19710221,1,1
19710222,19710228,0,0
19710229,19710229,0,0
19710301,19710307,0,0
19710308,19710314,0,0
19710315,19710321,2,1
19710322,19710328,1,1
19710329,19710331,0,0
19710401,19710407,1,1
19710408,19710414,0,0
19710415,19710421,0,0
19710422,19710428,0,0
19710429,19710430,0,0
19710501,19710507,0,0
19710508,19710514,0,0
19710515,19710521,0,0
19710522,19710528,1,1
19710529,19710531,1,1
19710601,19710607,0,0
19710608,19710614,0,0
19710615,19710621,0,0
19710622,19710628,0,0
19710629,19710630,0,0
19710701,19710707,1,1
19710708,19710714,0,0
19710715,19710721,1,1
19710722,19710728,0,0
19710729,19710731,0,0
19710801,19710807,0,0
19710808,19710814,0,0
19710815,19710821,1,1
19710822,19710828,0,0
19710829,19710831,0,0
19710901,19710907,0,0
19710908,19710914,0,0
19710915,19710921,1,1
19710922,19710928,0,0
19710929,19710930,0,0
19711001,19711007,1,1
19711008,19711014,0,0
19711015,19711021,1,1
19711022,19711028,0,0
19711029,19711031,0,0
19711101,19711107,0,0
19711108,19711114,1,1
19711115,19711121,1,1
19711122,19711128,0,0
19711129,19711130,0,0
19711201,19711207,0,0
19711208,19711214,1,1
19711215,19711221,0,0
19711222,19711228,1,1
19711229,19711231,0,0
19700101,19700107,0,0
19700108,19700114,0,0
                       